Турнир,Дисциплина,Участник,Зачёт,Место,IDteam,Название,Город,Организация,Очки
bfii-01-2002,Абсолютный зачёт,ilic-children-01-2002,Общий,1,2194,Дети Ильича,Иркутск,исторический факультет ИГУ,1835
bfii-01-2002,Абсолютный зачёт,driver-01-2002,Общий,2,2194,Драйвер,Иркутск,БГУЭП,1834
bfii-01-2002,Абсолютный зачёт,fort_ross-01-2002,Общий,3,2191,Форт-Росс,Иркутск,,1572
bfii-01-2002,Абсолютный зачёт,Клэвэры-01-2002,Общий,4,,Клэвэры,Иркутск,БГУЭП,1520
bfii-01-2002,Абсолютный зачёт,Лингва-01-2002,Общий,5,,Лингва,Иркутск,ИГЛУ,1500
bfii-01-2002,Абсолютный зачёт,911-01-2002,Общий,6,5042,9-1-1,Иркутск,,1480
bfii-01-2002,Абсолютный зачёт,Антанта-01-2002,Общий,7,,Антанта,Иркутск,,1392
bfii-01-2002,Абсолютный зачёт,Адреналин-01-2002,Общий,8,,Адреналин,Иркутск,БГУЭП,1311
bfii-01-2002,Абсолютный зачёт,sufis-01-2002,Общий,9,2984,Суфии,Иркутск,ИФ РГЭУ,1306
bfii-01-2002,Абсолютный зачёт,Гимли-01-2002,Общий,10,,Гимли,Иркутск,гимназия №1,1274
bfii-01-2002,Абсолютный зачёт,Ликон-01-2002,Общий,11,,Ликон,Усолье-Сибирское,лицей№1,1267
bfii-01-2002,Абсолютный зачёт,new_century-01-2002,Общий,12,2836,Новый век,Иркутск,школа №11,1266
bfii-01-2002,Абсолютный зачёт,nica-01-2002,Общий,13,,Ника,Иркутск,,1250
bfii-01-2002,Абсолютный зачёт,Интеллект-01-2002,Общий,14,,Интеллект,Тайшет,,1226
bfii-01-2002,Абсолютный зачёт,Мозговая атака-01-2002,Общий,15,,Мозговая атака,Иркутск,ВСИЭП,1069
bfii-01-2002,Абсолютный зачёт,ЮИ ИГУ-01-2002,Общий,16,,ЮИ ИГУ,Иркутск,ЮИ ИГУ,1025
bfii-01-2002,Абсолютный зачёт,NEXT-01-2002,Общий,17,,NEXT,Иркутск,школа №11,1000
bfii-01-2002,Абсолютный зачёт,6.com-01-2002,Общий,18,,6.com,Иркутск,школа №26,970
bfii-01-2002,Абсолютный зачёт,Иркутские гимназисты-01-2002,Общий,19,,Иркутские гимназисты,Иркутск,гимназия №3,868
bfii-01-2002,Абсолютный зачёт,Бумеранг-01-2002,Общий,20,,Бумеранг,Иркутск,школа №6,863
bfii-01-2002,Абсолютный зачёт,Мозгоdеды-01-2002,Общий,21,,Мозгоdеды,Иркутск,Лицей№3,863
bfii-01-2002,Абсолютный зачёт,nica62-01-2002,Общий,22,,Ника,Иркутск,школа №62,827
bfii-01-2002,Абсолютный зачёт,Школа №17-01-2002,Общий,23,,Школа №17,Иркутск,школа №17,822
bfii-01-2002,Абсолютный зачёт,ГМП-01-2002,Общий,24,,ГМП,Иркутск,Городской молодёжный парламент,811
bfii-01-2002,Абсолютный зачёт,Кредо-01-2002,Общий,25,,Кредо,Иркутск,школа №11,790
bfii-01-2002,Абсолютный зачёт,Статус-01-2002,Общий,26,,Статус,Иркутск,школа №11,786
bfii-01-2002,Абсолютный зачёт,Дружба-01-2002,Общий,27,,Дружба,Иркутск,гимназия №2,758
bfii-01-2002,Абсолютный зачёт,БудуШел-01-2002,Общий,28,,БудуШел,Шелехов,школа №4,696
bfii-01-2002,Абсолютный зачёт,Сюрприз-01-2002,Общий,29,,Сюрприз,Иркутск,школа №22,686
bfii-01-2002,Абсолютный зачёт,OK-01-2002,Общий,30,,OK,Иркутск,школа №49,635
bfii-01-2002,Абсолютный зачёт,Новый NEXT-01-2002,Общий,31,,Новый NEXT,Иркутск,школа №35,580
bfii-01-2002,Абсолютный зачёт,КоМПООТ-01-2002,Общий,32,,КоМПООТ,Иркутск,БГУЭП,500
bfii-01-2002,Абсолютный зачёт,Мир ФСН-01-2002,Общий,33,,Мир ФСН,Иркутск,,500
bfii-02-2004,Абсолютный зачёт,911-02-2004,Общий,1,,911,Иркутск,,15
bfii-02-2004,Абсолютный зачёт,fort_ross-02-2004,Общий,2,,Форт-Росс,Иркутск,ИГУ ,8
bfii-02-2004,Абсолютный зачёт,Матрица-02-2004,Общий,"3,5",,Матрица,Иркутск,,7
bfii-02-2004,Абсолютный зачёт,Уникум-Юниор-02-2004,Общий,"3,5",,Уникум-Юниор,Иркутск,ИрГУПС,7
bfii-02-2004,Абсолютный зачёт,Гиганты мысли-02-2004,Общий,6,,Гиганты мысли,Иркутск,,4
bfii-02-2004,Абсолютный зачёт,Сегодня была победа-02-2004,Общий,6,,Сегодня была победа,Иркутск,,4
bfii-02-2004,Абсолютный зачёт,Скептики-02-2004,Общий,6,,Скептики,Иркутск,БГУЭП,4
bfii-02-2004,Абсолютный зачёт,Авангард-02-2004,Общий,"9,5",,Авангард,Иркутск,лицей №3,3
bfii-02-2004,Абсолютный зачёт,Девчонки-хохотушки-02-2004,Общий,"9,5",,Девчушки-хохотушки,Иркутск,Православная женская гимназия,3
bfii-02-2004,Абсолютный зачёт,ilic-children-02-2004,Общий,"9,5",,Дети Ильича,Иркутск,исторический факультет ИГУ,3
bfii-02-2004,Абсолютный зачёт,КиК-02-2004,Общий,"9,5",,КиК,Иркутск,лицей №3,3
bfii-02-2004,Абсолютный зачёт,Весёлые ребята-02-2004,Общий,13,,Весёлые ребята,Иркутск,лицей №3,2
bfii-02-2004,Абсолютный зачёт,Сократ-02-2004,Общий,13,,Сократ,Иркутск,гимназия №44,2
bfii-02-2004,Абсолютный зачёт,IQ-02-2004,Общий,13,,IQ,Иркутск,школа №14,2
bfii-02-2004,Абсолютный зачёт,Братья по разуму-02-2004,Общий,"17,5",,Братья по разуму,Иркутск,,1
bfii-02-2004,Абсолютный зачёт,driver-02-2004,Общий,"17,5",,Драйвер,Иркутск,БГУЭП,1
bfii-02-2004,Абсолютный зачёт,КЭШ-02-2004,Общий,"17,5",,КЭШ,Иркутск,,1
bfii-02-2004,Абсолютный зачёт,Путин Юнген-02-2004,Общий,"17,5",,Путин Юнген,Иркутск,лицей №3,1
bfii-02-2004,Абсолютный зачёт,Статус-02-2004,Общий,"17,5",,Статус,Иркутск,школа №11,1
bfii-02-2004,Абсолютный зачёт,OK-02-2004,Общий,"17,5",,OK,Иркутск,школа №49,1
bfii-02-2004,Абсолютный зачёт,Эксперты-02-2004,Общий,21,,Эксперты,Иркутск,,0
bfii-03-2004,Абсолютный зачёт,arzamas-03-2004,Студенческий,1,2111,Арзамас-2004,Иркутск,факультет филологии и журналистики ИГУ ,337
bfii-03-2004,Абсолютный зачёт,fort_ross-03-2004,Студенческий,2,,Форт-Росс,Иркутск,ИГУ,293
bfii-03-2004,Абсолютный зачёт,herodotus-03-2004,Студенческий,3,,Геродот,Иркутск,ИГУ,281
bfii-03-2004,Абсолютный зачёт,ЮИ ИГУ-03-2004,Студенческий,4,,ЮИ ИГУ,Иркутск,ЮИ ИГУ,278
bfii-03-2004,Абсолютный зачёт,911-03-2004,Студенческий,5,,911,Иркутск,,262
bfii-03-2004,Абсолютный зачёт,driver-03-2004,Студенческий,6,,Драйвер,Иркутск,БГУЭП,236
bfii-03-2004,Абсолютный зачёт,Суфии-03-2004,Студенческий,7,,Суфии,Иркутск,ИФ РГТЭУ,222
bfii-03-2004,Абсолютный зачёт,Золотая молодёжь-03-2004,Студенческий,8,,Золотая молодёжь,Иркутск,БГИ,221
bfii-03-2004,Абсолютный зачёт,new_century-03-2004,Студенческий,9,,Новый век,Иркутск,,216
bfii-03-2004,Абсолютный зачёт,ГМП-03-2004,Студенческий,10,,ГМП,Иркутск,,211
bfii-03-2004,Абсолютный зачёт,Бизнес-лидер-03-2004,Студенческий,11,,Бизнес-лидер,Иркутск,ИрГУПС,193
bfii-03-2004,Абсолютный зачёт,Парабеллум-03-2004,Студенческий,12,,Парабеллум,Иркутск,ИГУ,189
bfii-03-2004,Абсолютный зачёт,Птица говорун-03-2004,Студенческий,13,,Птица говорун,Иркутск,БГУЭП,181
bfii-03-2004,Абсолютный зачёт,Международный факультет ИГУ-03-2004,Студенческий,14,,Международный факультет ИГУ,Иркутск,Международный факультет ИГУ,130
bfii-03-2004,Абсолютный зачёт,Матрица-03-2004,Студенческий,15,,Матрица,Иркутск,,50
bfii-03-2004,Абсолютный зачёт,irk_gymnasium_students-03-2004,Школьный,1,,Иркутские гимназисты,Иркутск,гимназия №3,236
bfii-03-2004,Абсолютный зачёт,Сократ-03-2004,Школьный,2,,Сократ,Иркутск,гимназия №44,204
bfii-03-2004,Абсолютный зачёт,Тяжёлый случай-03-2004,Школьный,3,,Тяжёлый случай,Иркутск,лицей №2,203
bfii-03-2004,Абсолютный зачёт,IQ-03-2004,Школьный,4,,IQ,Иркутск,лицей №2,190
bfii-03-2004,Абсолютный зачёт,Ума.НЕТ-03-2004,Школьный,5,,Ума.НЕТ,Иркутск,православная женская гимназия,179
bfii-03-2004,Абсолютный зачёт,Гротеск-03-2004,Школьный,6,,Гротеск,Иркутск,школа №11,178
bfii-03-2004,Абсолютный зачёт,Юная золотая молодёжь-03-2004,Школьный,7,,Юная золотая молодёжь,Иркутск,БКПП,177
bfii-03-2004,Абсолютный зачёт,Перекрёсток-03-2004,Школьный,8,,Перекрёсток,Иркутск,школа №26,177
bfii-03-2004,Абсолютный зачёт,Улетевшие-03-2004,Школьный,9,,Улетевшие,Иркутск,Иркутский авиационный техникум,172
bfii-03-2004,Абсолютный зачёт,65.ру-03-2004,Школьный,"10,5",,65.ру,Иркутск,школа №65,171
bfii-03-2004,Абсолютный зачёт,Симпомпули-03-2004,Школьный,"10,5",,Симпомпули,Иркутск,школа №26,171
bfii-03-2004,Абсолютный зачёт,LIM-03-2004,Школьный,12,,LIM,Иркутск,лицей №2,153
bfii-03-2004,Абсолютный зачёт,СНГ-03-2004,Школьный,13,,СНГ,Иркутск,гимназия №25,152
bfii-03-2004,Абсолютный зачёт,Кредо-03-2004,Школьный,14,,Кредо,Иркутск,школа №11,144
bfii-03-2004,Абсолютный зачёт,Империя знаний-03-2004,Школьный,15,,Империя знаний,Иркутск,лицей №2,143
bfii-03-2004,Абсолютный зачёт,Статус-03-2004,Школьный,16,,Статус,Иркутск,школа №11,142
bfii-03-2004,Абсолютный зачёт,Знатоки-03-2004,Школьный,17,,Знатоки,Иркутск,школа №10,141
bfii-03-2004,Абсолютный зачёт,Антиинтеллект-03-2004,Школьный,18,,Антиинтеллект,Иркутск,школа №17,125
bfii-03-2004,Абсолютный зачёт,Виктория-03-2004,Школьный,19,,Виктория,Иркутск,школа №66,123
bfii-03-2004,Абсолютный зачёт,OK-03-2004,Школьный,20,,OK,Иркутск,школа №49,114
bfii-03-2004,Абсолютный зачёт,Баунти-03-2004,Школьный,21,,Баунти,Иркутск,школа №66,86
brain-01-2002,Брейн-ринг,driver-01-2002,Общий,1,,Драйвер,Иркутск,БГУЭП,
brain-01-2002,Брейн-ринг,ilic-children-01-2002,Общий,2,2194,Дети Ильича,Иркутск,исторический факультет ИГУ,
brain-01-2002,Брейн-ринг,Интеллект-01-2002,Общий,3,,Интеллект,Тайшет,,
brain-01-2002,Брейн-ринг,6.com-01-2002,Общий,7,,6.com,Иркутск,школа №26,
brain-01-2002,Брейн-ринг,Адреналин-01-2002,Общий,7,,Адреналин,Иркутск,БГУЭП,
brain-01-2002,Брейн-ринг,Антанта-01-2002,Общий,7,,Антанта,Иркутск,,
brain-01-2002,Брейн-ринг,Бумеранг-01-2002,Общий,7,,Бумеранг,Иркутск,школа №6,
brain-01-2002,Брейн-ринг,Клэвэры-01-2002,Общий,7,,Клэвэры,Иркутск,БГУЭП,
brain-01-2002,Брейн-ринг,new_century-01-2002,Общий,7,,Новый век,Иркутск,школа №11,
brain-01-2002,Брейн-ринг,Суфии-01-2002,Общий,7,,Суфии,Иркутск,ИФ РГЭУ,
brain-01-2002,Брейн-ринг,911-01-2002,Общий,22,,911,Иркутск,,
brain-01-2002,Брейн-ринг,БудуШел-01-2002,Общий,22,,БудуШел,Шелехов,школа №4,
brain-01-2002,Брейн-ринг,Гимли-01-2002,Общий,22,,Гимли,Иркутск,гимназия №1,
brain-01-2002,Брейн-ринг,ГМП-01-2002,Общий,22,,ГМП,Иркутск,Городской молодёжный парламент,
brain-01-2002,Брейн-ринг,Дружба-01-2002,Общий,22,,Дружба,Иркутск,гимназия №2,
brain-01-2002,Брейн-ринг,Иркутские гимназисты-01-2002,Общий,22,,Иркутские гимназисты,Иркутск,гимназия №3,
brain-01-2002,Брейн-ринг,КоМПООТ-01-2002,Общий,22,,КоМПООТ,Иркутск,БГУЭП,
brain-01-2002,Брейн-ринг,Кредо-01-2002,Общий,22,,Кредо,Иркутск,школа №11,
brain-01-2002,Брейн-ринг,Ликон-01-2002,Общий,22,,Ликон,Усолье-Сибирское,лицей№1,
brain-01-2002,Брейн-ринг,Лингва-01-2002,Общий,22,,Лингва,Иркутск,ИГЛУ,
brain-01-2002,Брейн-ринг,Мир ФСН-01-2002,Общий,22,,Мир ФСН,Иркутск,,
brain-01-2002,Брейн-ринг,Мозговая атака-01-2002,Общий,22,,Мозговая атака,Иркутск,ВСИЭП,
brain-01-2002,Брейн-ринг,Мозгоdеды-01-2002,Общий,22,,Мозгоdеды,Иркутск,Лицей№3,
brain-01-2002,Брейн-ринг,Ника-01-2002,Общий,22,,Ника,Иркутск,,
brain-01-2002,Брейн-ринг,Ника-01-2002,Общий,22,,Ника,Иркутск,школа №62,
brain-01-2002,Брейн-ринг,Новый NEXT-01-2002,Общий,22,,Новый NEXT,Иркутск,школа №35,
brain-01-2002,Брейн-ринг,Статус-01-2002,Общий,22,,Статус,Иркутск,школа №11,
brain-01-2002,Брейн-ринг,Сюрприз-01-2002,Общий,22,,Сюрприз,Иркутск,школа №22,
brain-01-2002,Брейн-ринг,fort_ross-01-2002,Общий,22,,Форт-Росс,Иркутск,,
brain-01-2002,Брейн-ринг,Школа №17-01-2002,Общий,22,,Школа №17,Иркутск,школа №17,
brain-01-2002,Брейн-ринг,ЮИ ИГУ-01-2002,Общий,22,,ЮИ ИГУ,Иркутск,ЮИ ИГУ,
brain-01-2002,Брейн-ринг,NEXT-01-2002,Общий,22,,NEXT,Иркутск,школа №11,
brain-01-2002,Брейн-ринг,OK-01-2002,Общий,22,,OK,Иркутск,школа №49,
brain-02-2004,Брейн-ринг,911-02-2004,Общий,1,,911,Иркутск,,
brain-02-2004,Брейн-ринг,Уникум-Юниор-02-2004,Общий,2,,Уникум-Юниор,Иркутск,ИрГУПС,
brain-02-2004,Брейн-ринг,Гиганты мысли-02-2004,Общий,"5,5",,Гиганты мысли,Иркутск,,
brain-02-2004,Брейн-ринг,Девчонки-хохотушки-02-2004,Общий,"5,5",,Девчушки-хохотушки,Иркутск,Православная женская гимназия,
brain-02-2004,Брейн-ринг,ilic-children-02-2004,Общий,"5,5",2194,Дети Ильича,Иркутск,исторический факультет ИГУ,
brain-02-2004,Брейн-ринг,Матрица-02-2004,Общий,"5,5",,Матрица,Иркутск,,
brain-02-2004,Брейн-ринг,fort_ross-02-2004,Общий,"5,5",,Форт-Росс,Иркутск,,
brain-02-2004,Брейн-ринг,IQ-02-2004,Общий,"5,5",,IQ,Иркутск,школа №14,
brain-02-2004,Брейн-ринг,Авангард-02-2004,Общий,18,,Авангард,Иркутск,лицей №3,
brain-02-2004,Брейн-ринг,Арсенал-02-2004,Общий,18,,Арсенал,Иркутск,школа №75,
brain-02-2004,Брейн-ринг,Братья по разуму-02-2004,Общий,18,,Братья по разуму,Иркутск,,
brain-02-2004,Брейн-ринг,Весёлые ребята-02-2004,Общий,18,,Весёлые ребята,Иркутск,лицей №3,
brain-02-2004,Брейн-ринг,driver-02-2004,Общий,18,,Драйвер,Иркутск,БГУЭП,
brain-02-2004,Брейн-ринг,Импульс-02-2004,Общий,18,,Импульс,Иркутск,школа №31,
brain-02-2004,Брейн-ринг,КиК-02-2004,Общий,18,,КиК,Иркутск,лицей №3,
brain-02-2004,Брейн-ринг,КЭШ-02-2004,Общий,18,,КЭШ,Иркутск,,
brain-02-2004,Брейн-ринг,Мамонты-02-2004,Общий,18,,Мамонты,Иркутск,лицей №3,
brain-02-2004,Брейн-ринг,new_century-02-2004,Общий,18,,Новый век,Иркутск,школа №11,
brain-02-2004,Брейн-ринг,Парабеллум-02-2004,Общий,18,,Парабеллум,Иркутск,,
brain-02-2004,Брейн-ринг,Путин Юнген-02-2004,Общий,18,,Путин Юнген,Иркутск,лицей №3,
brain-02-2004,Брейн-ринг,Сегодня была победа-02-2004,Общий,18,,Сегодня была победа,Иркутск,,
brain-02-2004,Брейн-ринг,Скептики-02-2004,Общий,18,,Скептики,Иркутск,БГУЭП,
brain-02-2004,Брейн-ринг,Сократ-02-2004,Общий,18,,Сократ,Иркутск,гимназия №44,
brain-02-2004,Брейн-ринг,Статус-02-2004,Общий,18,,Статус,Иркутск,школа №11,
brain-02-2004,Брейн-ринг,Флибустьеры-02-2004,Общий,18,,Флибустьеры,Иркутск,,
brain-02-2004,Брейн-ринг,Эксперты-02-2004,Общий,18,,Эксперты,Иркутск,,
brain-02-2004,Брейн-ринг,OK-02-2004,Общий,18,,OK,Иркутск,школа №49,
brain-03-2004,Брейн-ринг,herodotus-03-2004,Студенческий,1,,Геродот,Иркутск,исторический факультет ИГУ ,
brain-03-2004,Брейн-ринг,Золотая молодёжь-03-2004,Студенческий,2,,Золотая молодёжь,Иркутск,БГИ,
brain-03-2004,Брейн-ринг,911-03-2004,Студенческий,"4,5",,911,Иркутск,,
brain-03-2004,Брейн-ринг,arzamas-03-2004,Студенческий,"4,5",2111,Арзамас-2004,Иркутск,факультет филологии и журналистики ИГУ ,
brain-03-2004,Брейн-ринг,Бизнес-лидер-03-2004,Студенческий,"4,5",,Бизнес-лидер,Иркутск,ИрГУПС,
brain-03-2004,Брейн-ринг,fort_ross-03-2004,Студенческий,"4,5",,Форт-Росс,Иркутск,ИГУ,
brain-03-2004,Брейн-ринг,ГМП-03-2004,Студенческий,"10,5",,ГМП,Иркутск,,0
brain-03-2004,Брейн-ринг,driver-03-2004,Студенческий,"10,5",,Драйвер,Иркутск,БГУЭП,0
brain-03-2004,Брейн-ринг,Международный факультет ИГУ-03-2004,Студенческий,"10,5",,Международный факультет ИГУ,Иркутск,Международный факультет ИГУ,0
brain-03-2004,Брейн-ринг,new_century-03-2004,Студенческий,"10,5",,Новый век,Иркутск,,0
brain-03-2004,Брейн-ринг,Парабеллум-03-2004,Студенческий,"10,5",,Парабеллум,Иркутск,ИГУ,0
brain-03-2004,Брейн-ринг,Птица говорун-03-2004,Студенческий,"10,5",,Птица говорун,Иркутск,БГУЭП,0
brain-03-2004,Брейн-ринг,Суфии-03-2004,Студенческий,"10,5",,Суфии,Иркутск,ИФ РГТЭУ,0
brain-03-2004,Брейн-ринг,ЮИ ИГУ-03-2004,Студенческий,"10,5",,ЮИ ИГУ,Иркутск,ЮИ ИГУ,0
brain-03-2004,Брейн-ринг,Сократ-03-2004,Школьный,1,,Сократ,Иркутск,гимназия №44,
brain-03-2004,Брейн-ринг,Улетевшие-03-2004,Школьный,2,,Улетевшие,Иркутск,Иркутский авиационный техникум,
brain-03-2004,Брейн-ринг,65.ру-03-2004,Школьный,5,,65.ру,Иркутск,школа №65,
brain-03-2004,Брейн-ринг,Империя знаний-03-2004,Школьный,5,,Империя знаний,Иркутск,лицей №2,
brain-03-2004,Брейн-ринг,irk_gymnasium_students-03-2004,Школьный,5,,Иркутские гимназисты,Иркутск,гимназия №3,
brain-03-2004,Брейн-ринг,СНГ-03-2004,Школьный,5,,СНГ,Иркутск,гимназия №25,
brain-03-2004,Брейн-ринг,Тяжёлый случай-03-2004,Школьный,5,,Тяжёлый случай,Иркутск,лицей №2,
brain-03-2004,Брейн-ринг,Антиинтеллект-03-2004,Школьный,14,,Антиинтеллект,Иркутск,школа №17,
brain-03-2004,Брейн-ринг,Баунти-03-2004,Школьный,14,,Баунти,Иркутск,школа №66,
brain-03-2004,Брейн-ринг,Виктория-03-2004,Школьный,14,,Виктория,Иркутск,школа №66,
brain-03-2004,Брейн-ринг,Гротеск-03-2004,Школьный,14,,Гротеск,Иркутск,школа №11,
brain-03-2004,Брейн-ринг,Знатоки-03-2004,Школьный,14,,Знатоки,Иркутск,школа №10,
brain-03-2004,Брейн-ринг,Кредо-03-2004,Школьный,14,,Кредо,Иркутск,школа №11,
brain-03-2004,Брейн-ринг,Перекрёсток-03-2004,Школьный,14,,Перекрёсток,Иркутск,школа №26,
brain-03-2004,Брейн-ринг,Симпомпули-03-2004,Школьный,14,,Симпомпули,Иркутск,школа №26,
brain-03-2004,Брейн-ринг,Статус-03-2004,Школьный,14,,Статус,Иркутск,школа №11,
brain-03-2004,Брейн-ринг,Ума.НЕТ-03-2004,Школьный,14,,Ума.НЕТ,Иркутск,православная женская гимназия,
brain-03-2004,Брейн-ринг,Юная золотая молодёжь-03-2004,Школьный,14,,Юная золотая молодёжь,Иркутск,БКПП,
brain-03-2004,Брейн-ринг,IQ-03-2004,Школьный,14,,IQ,Иркутск,лицей №2,
brain-03-2004,Брейн-ринг,LIM-03-2004,Школьный,14,,LIM,Иркутск,лицей №2,
brain-03-2004,Брейн-ринг,OK-03-2004,Школьный,14,,OK,Иркутск,школа №49,
chgk-01-2002,Большая игра,ilic-children-01-2002,Общий,1,2194,Дети Ильича,Иркутск,исторический факультет ИГУ,12
chgk-01-2002,Большая игра,911-01-2002,Общий,"2,5",,911,Иркутск,,10
chgk-01-2002,Большая игра,fort_ross-01-2002,Общий,"2,5",,Форт-Росс,Иркутск,,10
chgk-01-2002,Большая игра,driver-01-2002,Общий,4,,Драйвер,Иркутск,БГУЭП,9
chgk-01-2002,Большая игра,Адреналин-01-2002,Общий,6,,Адреналин,Иркутск,БГУЭП,7
chgk-01-2002,Большая игра,Антанта-01-2002,Общий,6,,Антанта,Иркутск,,7
chgk-01-2002,Большая игра,Клэвэры-01-2002,Общий,6,,Клэвэры,Иркутск,БГУЭП,7
chgk-01-2002,Большая игра,Гимли-01-2002,Общий,9,,Гимли,Иркутск,гимназия №1,6
chgk-01-2002,Большая игра,Ликон-01-2002,Общий,9,,Ликон,Усолье-Сибирское,лицей№1,6
chgk-01-2002,Большая игра,new_century-01-2002,Общий,9,,Новый век,Иркутск,школа №11,6
chgk-01-2002,Большая игра,Интеллект-01-2002,Общий,"12,5",,Интеллект,Тайшет,,5
chgk-01-2002,Большая игра,Лингва-01-2002,Общий,"12,5",,Лингва,Иркутск,ИГЛУ,5
chgk-01-2002,Большая игра,nica-01-2002,Общий,"12,5",,Ника,Иркутск,,5
chgk-01-2002,Большая игра,Суфии-01-2002,Общий,"12,5",,Суфии,Иркутск,ИФ РГЭУ,5
chgk-01-2002,Большая игра,Мозговая атака-01-2002,Общий,15,,Мозговая атака,Иркутск,ВСИЭП,1
chgk-02-2004,Большая игра,fort_ross-02-2004,Общий,1,,Форт-Росс,Иркутск,ИГУ ,5
chgk-02-2004,Большая игра,Матрица-02-2004,Общий,3,,Матрица,Иркутск,,4
chgk-02-2004,Большая игра,Сегодня была победа-02-2004,Общий,3,,Сегодня была победа,Иркутск,,4
chgk-02-2004,Большая игра,Скептики-02-2004,Общий,3,,Скептики,Иркутск,БГУЭП,4
chgk-02-2004,Большая игра,Авангард-02-2004,Общий,6,,Авангард,Иркутск,лицей №3,3
chgk-02-2004,Большая игра,ilic-children-02-2004,Общий,6,2194,Дети Ильича,Иркутск,исторический факультет ИГУ,3
chgk-02-2004,Большая игра,КиК-02-2004,Общий,6,,КиК,Иркутск,лицей №3,3
chgk-02-2004,Большая игра,911-02-2004,Общий,"9,5",,911,Иркутск,,2
chgk-02-2004,Большая игра,Весёлые ребята-02-2004,Общий,"9,5",,Весёлые ребята,Иркутск,лицей №3,2
chgk-02-2004,Большая игра,Гиганты мысли-02-2004,Общий,"9,5",,Гиганты мысли,Иркутск,,2
chgk-02-2004,Большая игра,Уникум-Юниор-02-2004,Общий,"9,5",,Уникум-Юниор,Иркутск,ИрГУПС,2
chgk-02-2004,Большая игра,Братья по разуму-02-2004,Общий,15,,Братья по разуму,Иркутск,,1
chgk-02-2004,Большая игра,КЭШ-02-2004,Общий,15,,КЭШ,Иркутск,,1
chgk-02-2004,Большая игра,Путин Юнген-02-2004,Общий,15,,Путин Юнген,Иркутск,лицей №3,1
chgk-02-2004,Большая игра,Сократ-02-2004,Общий,15,,Сократ,Иркутск,гимназия №44,1
chgk-02-2004,Большая игра,Статус-02-2004,Общий,15,,Статус,Иркутск,школа №11,1
chgk-02-2004,Большая игра,IQ-02-2004,Общий,15,,IQ,Иркутск,школа №14,1
chgk-02-2004,Большая игра,OK-02-2004,Общий,15,,OK,Иркутск,школа №49,1
chgk-03-2004,Большая игра,arzamas-03-2004,Общий,"1,5",2111,Арзамас-2004,Иркутск,ИГУ,9
chgk-03-2004,Большая игра,fort_ross-03-2004,Общий,"1,5",,Форт-Росс,Иркутск,ИГУ,9
chgk-03-2004,Большая игра,herodotus-03-2004,Общий,4,,Геродот,Иркутск,ИГУ,7
chgk-03-2004,Большая игра,irk_gymnasium_students-03-2004,Общий,4,,Иркутские гимназисты,Иркутск,гимназия №3,7
chgk-03-2004,Большая игра,Суфии-03-2004,Общий,4,,Суфии,Иркутск,ИФ РГТЭУ,7
chgk-03-2004,Большая игра,arzamas-03-2004,Студенческий,"1,5",2111,Арзамас-2004,Иркутск,факультет филологии и журналистики ИГУ ,9
chgk-03-2004,Большая игра,fort_ross-03-2004,Студенческий,"1,5",,Форт-Росс,Иркутск,ИГУ,9
chgk-03-2004,Большая игра,herodotus-03-2004,Студенческий,"3,5",,Геродот,Иркутск,ИГУ,7
chgk-03-2004,Большая игра,Суфии-03-2004,Студенческий,"3,5",,Суфии,Иркутск,ИФ РГТЭУ,7
chgk-03-2004,Большая игра,911-03-2004,Студенческий,7,,911,Иркутск,,6
chgk-03-2004,Большая игра,ГМП-03-2004,Студенческий,7,,ГМП,Иркутск,,6
chgk-03-2004,Большая игра,driver-03-2004,Студенческий,7,,Драйвер,Иркутск,БГУЭП,6
chgk-03-2004,Большая игра,new_century-03-2004,Студенческий,7,,Новый век,Иркутск,,6
chgk-03-2004,Большая игра,Птица говорун-03-2004,Студенческий,7,,Птица говорун,Иркутск,БГУЭП,6
chgk-03-2004,Большая игра,Золотая молодёжь-03-2004,Студенческий,11,,Золотая молодёжь,Иркутск,БГИ,5
chgk-03-2004,Большая игра,Матрица-03-2004,Студенческий,11,,Матрица,Иркутск,,5
chgk-03-2004,Большая игра,ЮИ ИГУ-03-2004,Студенческий,11,,ЮИ ИГУ,Иркутск,ЮИ ИГУ,5
chgk-03-2004,Большая игра,Бизнес-лидер-03-2004,Студенческий,13,,Бизнес-лидер,Иркутск,ИрГУПС,4
chgk-03-2004,Большая игра,Международный факультет ИГУ-03-2004,Студенческий,"14,5",,Международный факультет ИГУ,Иркутск,Международный факультет ИГУ,3
chgk-03-2004,Большая игра,Парабеллум-03-2004,Студенческий,"14,5",,Парабеллум,Иркутск,ИГУ,3
chgk-03-2004,Большая игра,Тяжёлый случай-03-2004,Школьный,3,,Тяжёлый случай,Иркутск,лицей №2,6
chgk-03-2004,Большая игра,Юная золотая молодёжь-03-2004,Школьный,3,,Юная золотая молодёжь,Иркутск,БКПП,6
chgk-03-2004,Большая игра,IQ-03-2004,Школьный,3,,IQ,Иркутск,лицей №2,6
chgk-03-2004,Большая игра,irk_gymnasium_students-03-2004,Школьный,4,,Иркутские гимназисты,Иркутск,гимназия №3,7
chgk-03-2004,Большая игра,Ума.НЕТ-03-2004,Школьный,5,,Ума.НЕТ,Иркутск,православная женская гимназия,5
chgk-03-2004,Большая игра,Гротеск-03-2004,Школьный,"7,5",,Гротеск,Иркутск,школа №11,4
chgk-03-2004,Большая игра,Империя знаний-03-2004,Школьный,"7,5",,Империя знаний,Иркутск,лицей №2,4
chgk-03-2004,Большая игра,Симпомпули-03-2004,Школьный,"7,5",,Симпомпули,Иркутск,школа №26,4
chgk-03-2004,Большая игра,Улетевшие-03-2004,Школьный,"7,5",,Улетевшие,Иркутск,Иркутский авиационный техникум,4
chgk-03-2004,Большая игра,Антиинтеллект-03-2004,Школьный,"10,5",,Антиинтеллект,Иркутск,школа №17,3
chgk-03-2004,Большая игра,Статус-03-2004,Школьный,"10,5",,Статус,Иркутск,школа №11,3
chgk-03-2004,Большая игра,65.ру-03-2004,Школьный,"14,5",,65.ру,Иркутск,школа №65,2
chgk-03-2004,Большая игра,Виктория-03-2004,Школьный,"14,5",,Виктория,Иркутск,школа №66,2
chgk-03-2004,Большая игра,Перекрёсток-03-2004,Школьный,"14,5",,Перекрёсток,Иркутск,школа №26,2
chgk-03-2004,Большая игра,СНГ-03-2004,Школьный,"14,5",,СНГ,Иркутск,гимназия №25,2
chgk-03-2004,Большая игра,LIM-03-2004,Школьный,"14,5",,LIM,Иркутск,лицей №2,2
chgk-03-2004,Большая игра,OK-03-2004,Школьный,"14,5",,OK,Иркутск,школа №49,2
chgk-03-2004,Большая игра,Баунти-03-2004,Школьный,20,,Баунти,Иркутск,школа №66,1
chgk-03-2004,Большая игра,Знатоки-03-2004,Школьный,20,,Знатоки,Иркутск,школа №10,1
chgk-03-2004,Большая игра,Сократ-03-2004,Школьный,20,,Сократ,Иркутск,гимназия №44,1
chgk-13-2016,Что? Где? Когда?,6_45-13-2016,Общий,1,2826,6 из 45,Красноярск,,67
chgk-13-2016,Что? Где? Когда?,baklava-13-2016,Общий,2,55283,Пахлава глупости,Иркутск,,61
chgk-13-2016,Что? Где? Когда?,lenin-terminator-13-2016,Общий,3,5384,Ленин-Терминатор,Красноярск,,57
chgk-13-2016,Что? Где? Когда?,tc-13-2016,Общий,4,2192,Тридцатиногая сороконожка,Иркутск,,56
chgk-13-2016,Что? Где? Когда?,fish-soup-13-2016,Общий,7,8809,Уха не без петуха,Новосибирск,,53
chgk-13-2016,Что? Где? Когда?,magic-daddy-13-2016,Общий,8,42538,Волшебные звёзды 7,Иркутск,,52
chgk-13-2016,Что? Где? Когда?,team37702,Общий,9,37702,Ибо нефиг,Иркутск,,50
chgk-13-2016,Что? Где? Когда?,team54373,Общий,10,54373,Апсны,Иркутск,,42
chgk-13-2016,Что? Где? Когда?,team51462,Общий,11,51462,Триумфальная мамка,Иркутск,,41
chgk-13-2016,Что? Где? Когда?,team42620,Общий,12,42620,РостОК,Иркутск,,38
chgk-13-2016,Что? Где? Когда?,team52250,Общий,13,52250,Сверхновая,Улан-Удэ,,36
chgk-13-2016,Что? Где? Когда?,team52106,Общий,14,52106,Девка без руки,Иркутск,,35
chgk-13-2016,Что? Где? Когда?,team51290,Общий,16,51290,Каисса,Улан-Удэ,,32
chgk-13-2016,Что? Где? Когда?,team55284,Общий,16,55284,Команды не было,Иркутск,,32
chgk-13-2016,Что? Где? Когда?,team46274,Общий,16,46274,Хемингуэй жив,Иркутск,,32
chgk-13-2016,Что? Где? Когда?,team48617,Общий,22,48617,Сейлор Мунк,Иркутск,,29
chgk-13-2016,Что? Где? Когда?,team51759,Общий,23,51759,Сталин печёт блины,Иркутск,,28
chgk-13-2016,Что? Где? Когда?,team55286,Общий,24,55286,Мы гуглили как могли,Иркутск,,27
chgk-13-2016,Что? Где? Когда?,team48625,Общий,25,48625,Плотина Канделаки,Иркутск,,25
chgk-13-2016,Что? Где? Когда?,team54267,Общий,26,54267,Гриффиндор,Иркутск,,23
chgk-13-2016,Что? Где? Когда?,team52239,Общий,27,52239,Магнат,Иркутск,,21
chgk-13-2016,Что? Где? Когда?,team52821,Общий,28,52821,Команда Ильи Тулупова,Иркутск,,20
chgk-13-2016,Что? Где? Когда?,team50720,Общий,29,50720,Что делать?,Иркутск,,19
chgk-13-2016,Что? Где? Когда?,light-irony-13-2016,Общий,30,53711,Лёгкая ирония,Иркутск,,18
chgk-13-2016,Что? Где? Когда?,team50399,Общий,31,50399,"Святой Отец, я камыши",Иркутск,,17
chgk-13-2016,Что? Где? Когда?,team45526,Общий,33,45526,Деловой грейпфрут,Иркутск,,16
chgk-13-2016,Что? Где? Когда?,druzhba-13-2016,Общий,33,1921,Дружба,Зеленогорск (К),,16
chgk-13-2016,Что? Где? Когда?,team44113,Общий,33,44113,Not bad,Иркутск,,16
chgk-13-2016,Что? Где? Когда?,team48990,Общий,35,48990,Бозон Хиггса,Иркутск,,15
chgk-13-2016,Что? Где? Когда?,team52216,Общий,36,52216,ГОП,Иркутск,,14
chgk-13-2016,Что? Где? Когда?,team52940,Общий,43,52940,Неестественный отбор,Иркутск,,11
chgk-13-2016,Что? Где? Когда?,team55285,Общий,43,55285,Нелюди в белом,Иркутск,,11
chgk-13-2016,Что? Где? Когда?,team53474,Общий,43,53474,Принцип неопределённости,Иркутск,,11
chgk-13-2016,Что? Где? Когда?,philosophers-13-2016,Общий,43,49201,Философы,Зеленогорск (К),,11
chgk-13-2016,Что? Где? Когда?,ZOG-13-2016,Общий,43,49541,ZOG,Иркутск,,11
chgk-13-2016,Что? Где? Когда?,astrrological-hedgehogs-13-2016,Общий,46,49020,Астрологические ёжики,Иркутск,,10
chgk-13-2016,Что? Где? Когда?,team55287,Общий,47,55287,Гелиос,Улан-Удэ,,9
chgk-13-2016,Что? Где? Когда?,team55289,Общий,48,55289,Весёлый бамбук,Ангарск,,8
chgk-13-2016,Что? Где? Когда?,team48393,Общий,50,48393,Мстители,Иркутск,,5
chgk-13-2016,Что? Где? Когда?,team45512,Общий,50,45512,Титаник,Иркутск,,5
chgk-13-2016,Что? Где? Когда?,team50266,Общий,50,50266,Idee fixe,Зеленогорск (К),,5
chgk-13-2016,Что? Где? Когда?,team40328,Общий,54,40328,Восьмёрочка,Ангарск,,2
chgk-13-2016,Что? Где? Когда?,team46188,Общий,18.5,46188,Пионеры,Улан-Удэ,,31
chgk-13-2016,Что? Где? Когда?,team55288,Общий,18.5,55288,Casa Bonita,Братск,,31
chgk-13-2016,Что? Где? Когда?,team39502,Общий,20.5,39502,Большая банальная контузия,Иркутск,,30
chgk-13-2016,Что? Где? Когда?,team26792,Общий,20.5,26792,Та самая команда,Иркутск,,30
chgk-13-2016,Что? Где? Когда?,team44118,Общий,37.5,44118,"Глюк, я твой отец",Иркутск,,13
chgk-13-2016,Что? Где? Когда?,team53134,Общий,37.5,53134,Предикат,Иркутск,,13
chgk-13-2016,Что? Где? Когда?,team55242,Общий,39.5,55242,Маркс съедает конкурентов,Иркутск,,12
chgk-13-2016,Что? Где? Когда?,team46037,Общий,39.5,46037,Чайный пакетик,Ангарск,,12
chgk-13-2016,Что? Где? Когда?,gorodok-13-2016,Общий,5.5,50319,Городок,Улан-Удэ,,54
chgk-13-2016,Что? Где? Когда?,triumph-13-2016,Общий,5.5,26835,Триумф мы помним смутно,Иркутск,,54
chgk-13-2016,Что? Где? Когда?,team51650,Общий,52.5,51650,Совушки,Иркутск,,4
chgk-13-2016,Что? Где? Когда?,team52594,Общий,52.5,52594,Тартар,Иркутск,,4
multigames-01-2002,Многоборье,Лингва-01-2002,Общий,1,,Лингва,Иркутск,ИГЛУ,800
multigames-01-2002,Многоборье,fort_ross-01-2002,Общий,2,,Форт-Росс,Иркутск,,672
multigames-01-2002,Многоборье,Клэвэры-01-2002,Общий,3,,Клэвэры,Иркутск,БГУЭП,640
multigames-01-2002,Многоборье,911-01-2002,Общий,4,,911,Иркутск,,580
multigames-01-2002,Многоборье,ilic-children-01-2002,Общий,5,2194,Дети Ильича,Иркутск,исторический факультет ИГУ,555
multigames-01-2002,Многоборье,nica-01-2002,Общий,6,,Ника,Иркутск,,550
multigames-01-2002,Многоборье,Гимли-01-2002,Общий,7,,Гимли,Иркутск,гимназия №1,534
multigames-01-2002,Многоборье,Мозговая атака-01-2002,Общий,8,,Мозговая атака,Иркутск,ВСИЭП,529
multigames-01-2002,Многоборье,ЮИ ИГУ-01-2002,Общий,9,,ЮИ ИГУ,Иркутск,ЮИ ИГУ,525
multigames-01-2002,Многоборье,Антанта-01-2002,Общий,10,,Антанта,Иркутск,,512
multigames-01-2002,Многоборье,Суфии-01-2002,Общий,11,,Суфии,Иркутск,ИФ РГЭУ,506
multigames-01-2002,Многоборье,NEXT-01-2002,Общий,12,,NEXT,Иркутск,школа №11,500
multigames-01-2002,Многоборье,driver-01-2002,Общий,13,,Драйвер,Иркутск,БГУЭП,474
multigames-01-2002,Многоборье,Адреналин-01-2002,Общий,14,,Адреналин,Иркутск,БГУЭП,431
multigames-01-2002,Многоборье,Ликон-01-2002,Общий,15,,Ликон,Усолье-Сибирское,лицей№1,427
multigames-01-2002,Многоборье,Интеллект-01-2002,Общий,"16,5",,Интеллект,Тайшет,,426
multigames-01-2002,Многоборье,new_century-01-2002,Общий,"16,5",,Новый век,Иркутск,школа №11,426
multigames-01-2002,Многоборье,6.com-01-2002,Общий,18,,6.com,Иркутск,школа №26,370
multigames-01-2002,Многоборье,Иркутские гимназисты-01-2002,Общий,19,,Иркутские гимназисты,Иркутск,гимназия №3,368
multigames-01-2002,Многоборье,Мозговеды-01-2002,Общий,20,,Мозговеды,Иркутск,лицей №3,363
multigames-01-2002,Многоборье,nica62-01-2002,Общий,21,,Ника,Иркутск,школа №62,327
multigames-01-2002,Многоборье,Школа №17-01-2002,Общий,22,,Школа №17,Иркутск,школа №17,322
multigames-01-2002,Многоборье,ГМП-01-2002,Общий,23,,ГМП,Иркутск,Городской молодёжный парламент,317
multigames-01-2002,Многоборье,Кредо-01-2002,Общий,24,,Кредо,Иркутск,школа №11,290
multigames-01-2002,Многоборье,Статус-01-2002,Общий,25,,Статус,Иркутск,школа №11,286
multigames-01-2002,Многоборье,Бумеранг-01-2002,Общий,26,,Бумеранг,Иркутск,школа №6,263
multigames-01-2002,Многоборье,Дружба-01-2002,Общий,27,,Дружба,Иркутск,гимназия №2,258
multigames-01-2002,Многоборье,БудуШел-01-2002,Общий,28,,БудуШел,Шелехов,школа №4,196
multigames-01-2002,Многоборье,Сюрприз-01-2002,Общий,29,,Сюрприз,Иркутск,школа №22,186
multigames-01-2002,Многоборье,OK-01-2002,Общий,30,,OK,Иркутск,школа №49,135
multigames-01-2002,Многоборье,Новый NEXT-01-2002,Общий,31,,Новый NEXT,Иркутск,школа №35,80
multigames-01-2002-ind,Многоборье,Анастасия Таранко-01-2002,Индивидуальный,1,,Анастасия Таранко,Иркутск,Суфии,
multigames-03-2004,Многоборье,arzamas-03-2004,Общий,1,2111,Арзамас-2004,Иркутск,факультет филологии и журналистики ИГУ ,212
multigames-03-2004,Многоборье,ЮИ ИГУ-03-2004,Общий,2,,ЮИ ИГУ,Иркутск,ЮИ ИГУ,203
multigames-03-2004,Многоборье,fort_ross-03-2004,Общий,3,,Форт-Росс,Иркутск,ИГУ,168
multigames-03-2004,Многоборье,arzamas-03-2004,Студенческий,1,,Арзамас-2004,Иркутск,ИГУ,212
multigames-03-2004,Многоборье,ЮИ ИГУ-03-2004,Студенческий,2,,ЮИ ИГУ,Иркутск,ЮИ ИГУ,203
multigames-03-2004,Многоборье,fort_ross-03-2004,Студенческий,3,,Форт-Росс,Иркутск,ИГУ,168
multigames-03-2004,Многоборье,911-03-2004,Студенческий,4,,911,Иркутск,,167
multigames-03-2004,Многоборье,driver-03-2004,Студенческий,5,,Драйвер,Иркутск,БГУЭП,151
multigames-03-2004,Многоборье,Парабеллум-03-2004,Студенческий,6,,Парабеллум,Иркутск,ИГУ,134
multigames-03-2004,Многоборье,new_century-03-2004,Студенческий,7,,Новый век,Иркутск,,131
multigames-03-2004,Многоборье,Суфии-03-2004,Студенческий,8,,Суфии,Иркутск,ИФ РГТЭУ,127
multigames-03-2004,Многоборье,ГМП-03-2004,Студенческий,9,,ГМП,Иркутск,,126
multigames-03-2004,Многоборье,Золотая молодёжь-03-2004,Студенческий,10,,Золотая молодёжь,Иркутск,БГИ,121
multigames-03-2004,Многоборье,Бизнес-лидер-03-2004,Студенческий,11,,Бизнес-лидер,Иркутск,ИрГУПС,118
multigames-03-2004,Многоборье,herodotus-03-2004,Студенческий,12,,Геродот,Иркутск,ИГУ,111
multigames-03-2004,Многоборье,Птица говорун-03-2004,Студенческий,13,,Птица говорун,Иркутск,БГУЭП,96
multigames-03-2004,Многоборье,Международный факультет ИГУ-03-2004,Студенческий,14,,Международный факультет ИГУ,Иркутск,Международный факультет ИГУ,75
multigames-03-2004,Многоборье,Перекрёсток-03-2004,Школьный,1,,Перекрёсток,Иркутск,школа №26,132
multigames-03-2004,Многоборье,irk_gymnasium_students-03-2004,Школьный,2,,Иркутские гимназисты,Иркутск,гимназия №3,131
multigames-03-2004,Многоборье,Кредо-03-2004,Школьный,3,,Кредо,Иркутск,школа №11,119
multigames-03-2004,Многоборье,65.ру-03-2004,Школьный,4,,65.ру,Иркутск,школа №65,116
multigames-03-2004,Многоборье,Гротеск-03-2004,Школьный,5,,Гротеск,Иркутск,школа №11,113
multigames-03-2004,Многоборье,Тяжёлый случай-03-2004,Школьный,6,,Тяжёлый случай,Иркутск,лицей №2,108
multigames-03-2004,Многоборье,LIM-03-2004,Школьный,7,,LIM,Иркутск,лицей №2,108
multigames-03-2004,Многоборье,Знатоки-03-2004,Школьный,"8,5",,Знатоки,Иркутск,школа №10,106
multigames-03-2004,Многоборье,Симпомпули-03-2004,Школьный,"8,5",,Симпомпули,Иркутск,школа №26,106
multigames-03-2004,Многоборье,IQ-03-2004,Школьный,10,,IQ,Иркутск,лицей №2,105
multigames-03-2004,Многоборье,Ума.НЕТ-03-2004,Школьный,11,,Ума.НЕТ,Иркутск,православная женская гимназия,104
multigames-03-2004,Многоборье,СНГ-03-2004,Школьный,12,,СНГ,Иркутск,гимназия №25,97
multigames-03-2004,Многоборье,Сократ-03-2004,Школьный,13,,Сократ,Иркутск,гимназия №44,94
multigames-03-2004,Многоборье,Юная золотая молодёжь-03-2004,Школьный,14,,Юная золотая молодёжь,Иркутск,БКПП,92
multigames-03-2004,Многоборье,Статус-03-2004,Школьный,15,,Статус,Иркутск,школа №11,87
multigames-03-2004,Многоборье,Улетевшие-03-2004,Школьный,16,,Улетевшие,Иркутск,Иркутский авиационный техникум,82
multigames-03-2004,Многоборье,Виктория-03-2004,Школьный,17,,Виктория,Иркутск,школа №66,78
multigames-03-2004,Многоборье,Антиинтеллект-03-2004,Школьный,18,,Антиинтеллект,Иркутск,школа №17,70
multigames-03-2004,Многоборье,OK-03-2004,Школьный,19,,OK,Иркутск,школа №49,69
multigames-03-2004,Многоборье,Империя знаний-03-2004,Школьный,20,,Империя знаний,Иркутск,лицей №2,68
multigames-03-2004,Многоборье,Баунти-03-2004,Школьный,21,,Баунти,Иркутск,школа №66,51
